111,阿苏大,不明,5-7-6 ミランダオカムラハイツ4 203号室,111,1,11,mizudiwood@gmail.com,2,雑誌,新聞,未選択,未入力
１,阿苏大,女,5-7-6 ミランダオカムラハイツ4 203号室,1,1,111,dasdas@asdasdas,0,未選択,未入力
１,111,男,,0242,22,111,mizudiwood@gmail.com,0,未選択,未入力
１,111,不明,,0242,11,11,dasdas@asdasdas,1,新聞,Bについて,未入力
亜 あｓ,阿迅速,女,阿索信asac,111,111,11,mizudiwood@gmail.com,1,雑誌,Bについて,而往往餐馆各国故改革公44444444参观45透过午餐公4微小打工各国往关外话筒日环食脆弱贺词
亜 あｓgdmggh,阿迅速,不明,,111,111,11,mizudiwood@gmail.com,1,雑誌,未選択,而往往餐馆各国故改革公44444444参观45透过午餐公4微小打工各国往关外话筒日环食脆弱贺词
亜 あｓgdmggh,阿迅速,不明,,111,111,11,mizudiwood@gmail.com,1,雑誌,未選択,而往往餐馆各国故改革公44444444参观45透过午餐公4微小打工各国往关外话筒日环食脆弱贺词
亜 あｓgdmggh,阿迅速,不明,dsvdsddsvsssssssssssssssssssssssssssssssssssssssssssssssssssssssssssssssss,111,111,11,mizudiwood@gmail.xn--comss-w58laaaaaaaaaaaaa201uacacacacacaca,1,雑誌,Aについて,而往往餐馆各国故改革公44444444参观45透过午餐公4微小打工各国往关外话筒日环食脆弱贺词sssssssssssssssssssssssssssssssssssssssssssssssssssssssss
亜 あｓgdmggh,阿迅速,不明,dsvdsddsvsssssssssssssssssssssssssssssssssssssssssssssssssssssssssssssssss,111,111,11,mizudiwood@gmail.xn--comss-w58laaaaaaaaaaaaa201uacacacacacaca,1,雑誌,Aについて,而往往餐馆各国故改革公44444444参观45透过午餐公4微小打工各国往关外话筒日环食脆弱贺词sssssssssssssssssssssssssssssssssssssssssssssssssssssssss
勘解由小路,太郎喜左衛門将時能,男,5-7-6 ミランダオカムラハイツ4 203号室,111,111,111,mizudiwood@gmail.com,0,Bについて,未入力
